{"cameraMode":{"drawMode":0,"name":"Shaded","section":"Shading Mode"},"sceneLighting":true,"audioPlay":false,"sceneViewState":{"showFog":true,"showMaterialUpdate":false,"showSkybox":true,"showFlares":true,"showImageEffects":true,"showParticleSystems":true},"in2DMode":false,"pivot":{"x":-3.2818455696105959,"y":1.6984546184539796,"z":-9.06740951538086},"rotation":{"x":-0.0034106506500393154,"y":-0.9861074090003967,"z":-0.020405251532793046,"w":0.16481584310531617},"size":10.449999809265137,"orthographic":false}