{"cameraMode":{"drawMode":0,"name":"Shaded","section":"Shading Mode"},"sceneLighting":true,"audioPlay":false,"sceneViewState":{"showFog":true,"showMaterialUpdate":true,"showSkybox":true,"showFlares":true,"showImageEffects":true,"showParticleSystems":true},"in2DMode":false,"pivot":{"x":-130.9722442626953,"y":-26.712995529174806,"z":-57.92658996582031},"rotation":{"x":-0.05649910122156143,"y":0.8286927938461304,"z":-0.08507927507162094,"w":-0.5503068566322327},"size":138.0885009765625,"orthographic":false}