{"cameraMode":{"drawMode":0,"name":"Shaded","section":"Shading Mode"},"sceneLighting":true,"audioPlay":false,"sceneViewState":{"showFog":true,"showMaterialUpdate":true,"showSkybox":true,"showFlares":true,"showImageEffects":true,"showParticleSystems":true},"in2DMode":false,"pivot":{"x":35.72053909301758,"y":-13.02896785736084,"z":255.740966796875},"rotation":{"x":-0.02723877504467964,"y":-0.07013197988271713,"z":0.001915874658152461,"w":-0.9971639513969421},"size":265.099365234375,"orthographic":false}