{"cameraMode":{"drawMode":0,"name":"Shaded","section":"Shading Mode"},"sceneLighting":true,"audioPlay":false,"sceneViewState":{"showFog":true,"showMaterialUpdate":true,"showSkybox":true,"showFlares":true,"showImageEffects":true,"showParticleSystems":true},"in2DMode":false,"pivot":{"x":156.005615234375,"y":-1.1066573858261109,"z":206.98895263671876},"rotation":{"x":-0.004568697884678841,"y":-0.3123939335346222,"z":0.0015025832690298558,"w":-0.9499405026435852},"size":265.099365234375,"orthographic":false}